,Salinity,SO4,CH4_ug_m2_h,CO2_mg_m2_h,Sample,mcr.H2,mcr.Ac,MOB.I,MOB.IIa,MOB.IIb,MOB.III,pmoA.tot,amoA.tot,amoA.AOA,amoA.AOB,NOB.nxr,DsrAB.red,HydA
0,-0.22663385489312243,1.7134905430939424,0.7382305299850932,0.17056087409885737,Sandmound_TuleA_D1,5.060971791514913,2.7409947313589385,5.7142195202919845,6.424723817829097,0.0,1.2332437233539708,7.137075124401904,7.061609895225011,6.624920934565546,4.847157584675876,8.015098779849025,9.468854768202869,9.602192658045364
1,-0.22663385489312243,1.9273703630390235,0.7382305299850932,0.17056087409885737,Sandmound_TuleA_D2,4.042112138820168,2.1895124745822927,4.1100909838526265,4.821115846141561,0.0,1.3479458621009506,5.587442603155922,6.137399410305638,5.642125993635843,3.9477192592557615,7.542892144958768,10.22447054641531,9.699795657133757
2,-0.21995579946076668,1.5998830720736879,-0.14444458377103153,0.6204849295803012,Sandmound_TuleB_D1,3.7390606253994325,3.0584248893411075,5.858321361849012,6.8157554268769625,0.0,0.0,7.415046569399883,7.087964563363802,6.491255056740056,5.443717118929423,8.170212391362895,9.36601943519014,9.661501446515368
3,-0.21995579946076668,1.6095944092252201,-0.14444458377103153,0.6204849295803012,Sandmound_TuleB_D2,3.801412309950003,2.2424817123268683,5.828081965072937,5.8056417870556425,1.1384796928532104,1.5563254585904458,6.881253753257304,6.1913880823331,5.859910687464108,3.690628206116071,7.986186303696793,10.6794795305554,9.985032638997419
4,-0.24682438933915,1.5987905067631152,0.28463008565291004,0.24661275839871527,Sandmound_TuleC_D1,3.618887656531158,2.1386448583314674,5.677475154682587,6.683807906803335,0.0,0.0,7.266662577287385,6.541098525584384,6.249256028247221,3.347019987026298,7.473695246837744,9.071641467380463,8.830922253943445
5,-0.24682438933915,1.813580988568192,0.28463008565291004,0.24661275839871527,Sandmound_TuleC_D2,4.335715860837088,3.438627913127043,4.041330103913282,5.765416697518593,0.0,1.3912058938764396,6.19934886007155,7.0050288574907364,6.694953188875793,4.498841820252583,8.106039392038506,9.768036084276726,8.90387273750592
6,-0.17942752311726265,1.8382192219076259,0.23363298735383414,0.5969824377185244,Sandmound_ThreeSqA_D2,3.911919930477942,2.1973551195773853,1.16405006253694,3.945834614910821,0.0,1.4067743680227955,4.343600875412866,7.004873293053782,6.7203755495101225,4.522684015425496,8.568153408372266,8.700956825598086,7.851660505938084
7,-0.23302051407603375,1.9143431571194407,0.22055973756448574,0.4223257710749216,Sandmound_ThreeSqB_D1,3.246015586929252,2.6015401728776175,3.586077540656359,5.140134318962489,0.0,0.0,5.56296053912086,5.731161611871158,5.112554733389273,4.004729892003958,8.342063232912452,8.267740613155482,8.231298133368949
8,-0.23302051407603375,1.7693773260761385,0.22055973756448574,0.4223257710749216,Sandmound_ThreeSqB_D2,0.8131926804196369,3.042112138820167,2.871108668097228,6.347945862100951,0.0,1.6113673878846564,6.520854424583517,7.062831254855937,6.883505670487907,3.9659839571677256,8.441240311967224,7.9746764273545425,7.991708057839749
9,-0.19967051966394542,1.7505083948513462,-0.1813339522630897,0.7014563106523038,Sandmound_ThreeSqC_D1,2.3496729102859284,0.0,2.459413127223769,0.0,0.0,1.4336699652679759,3.0358455118550767,6.794313294269492,6.444323329520949,4.579473402811545,7.431852645010299,7.835241406309012,7.9754260664009635
10,-0.19967051966394542,1.7387805584843692,-0.1813339522630897,0.7014563106523038,Sandmound_ThreeSqC_D2,2.612284549416431,2.479484215062638,3.9661585219121402,6.256765176731538,0.0,2.325004312660665,6.601499175157951,6.301330568047517,5.818139898951667,4.4883700398170046,8.255220117154678,10.112911503056099,9.157709344039501
11,-0.44604977087819914,1.507855871695831,2.452136579232112,1.3866001573949445,WestPond_TuleA_D1,8.025454633187348,5.934162235672032,6.7890537935446575,4.725427548689996,0.0,0.0,7.098479146390359,1.583281298254154,0.0,1.583281298254154,3.317214583649169,8.597721512978003,11.99052941393928
12,-0.44604977087819914,1.6294095991027189,2.452136579232112,1.3866001573949445,WestPond_TuleA_D2,8.451426508979292,6.997399279784888,6.184407255258736,7.458348437731966,0.0,0.0,7.957649453255632,4.22204362846664,1.1973749699463474,0.0,3.9501159614656745,10.249391094825858,12.218352586193317
13,-0.419937429084123,1.6683859166900001,1.514753152862443,0.990241542827422,WestPond_TuleB_D1,8.073720634103916,6.57275505813794,6.4754279652349025,7.119126348439638,0.0,0.0,7.83288374838842,0.0,0.0,0.0,3.256852161285028,9.225752944365803,11.90865629808083
14,-0.419937429084123,1.801403710017355,1.514753152862443,0.990241542827422,WestPond_TuleB_D2,8.721753902908203,5.871460501832195,4.39487784963912,2.301909569421474,0.0,0.0,4.698685394607187,1.2575453079241823,1.2575453079241823,0.0,2.8243991810637112,10.939498781602037,12.737314985619754
15,-0.4265942712894521,1.6324572921847242,0.30666887344582655,0.6656414337561859,WestPond_TuleC_D1,7.1072860019934545,5.786389048394081,7.073917483828901,7.0214842121380014,0.0,0.0,8.047939039060365,3.145248411332036,0.0,2.674908371983836,4.019248354335328,8.81849418036168,11.363548303757677
16,-0.4265942712894521,1.7730546933642626,0.30666887344582655,0.6656414337561859,WestPond_TuleC_D2,8.211192152323653,6.15290618253777,7.763530391706793,8.132671142655134,0.0,0.0,8.959875153971401,4.069889432996026,0.0,2.447925961118694,4.151442154437996,10.951112042107967,12.040317815886912
17,-0.3792658055855656,1.7427251313046983,2.133615010213411,1.1705165465349379,WestPond_CattailA_D1,6.957921889906696,4.398155181140793,5.651401672609775,8.00368481066342,2.652121214713524,2.260549341094133,8.312858131182365,5.8098598272658135,0.0,5.676288275557875,6.049212100669958,8.307084473834669,10.984413609631327
18,-0.3792658055855656,1.7626785637274363,2.133615010213411,1.1705165465349379,WestPond_CattailA_D2,8.216597478895675,6.157027832343531,4.353709292272636,6.825987388046737,1.5555025472476836,0.0,7.096353539164437,0.0,0.0,0.0,3.5638262182483103,10.171590239494636,11.374928069712055
19,-0.37351899532156824,1.760422483423212,1.443077449155556,1.2568192570612244,WestPond_CattailB_D1,7.134678952101487,4.197247050137586,6.679130327809839,5.96886050243539,0.0,1.4388703914272991,7.390767813275783,3.595313184567665,0.0,3.299471503357241,5.01515923822096,8.316814912249342,11.40192434419859
20,-0.37351899532156824,1.7730546933642626,1.443077449155556,1.2568192570612244,WestPond_CattailB_D2,8.65367723787575,6.704192579359262,6.872015183123544,5.923950891790829,0.0,0.0,7.474498147679059,1.3803296984706455,0.0,0.0,4.686977617145138,11.021631327953747,13.198302169876982
21,-0.4358160334324125,1.797959643737196,2.015590860560736,1.2506889432244013,WestPond_CattailC_D2,9.160973834805755,6.636856772371895,6.760161105305765,7.044438637492289,0.0,0.0,7.909290547706108,2.9484953359849357,1.588825434307532,0.0,2.4371192061621096,11.167975136855446,12.840370939783503
22,0.5218900224586843,2.6649238934380817,1.526740308669354,0.526176504727208,MayberryNE_TuleA_D1,8.580892269224734,6.633354813661041,6.136280360530592,4.49789982238731,0.0,0.0,6.538147630455491,3.232809906800475,2.299471503357241,1.16405006253694,3.671209482204032,8.749528037722193,12.17106844894408
23,0.5218900224586843,3.0211479357209945,1.526740308669354,0.526176504727208,MayberryNE_TuleA_D2,6.886382898825298,8.044542282914202,4.102923799261081,2.829839057063024,0.0,0.0,4.60247541946892,6.148387385125733,6.039130434232138,1.3803296984706455,5.397375893572078,9.361413453140395,11.119532219413717
24,0.5361466910555455,2.8103669536816254,1.6455728342685694,0.3129008504146031,MayberryNE_TuleB_D1,8.609658270949218,7.241714855907283,5.804535649027916,3.260549341094133,0.0,0.0,6.032853550067491,2.846328792591212,1.3105075983730918,2.2361533454204046,,9.16934227034955,13.137360852431943
25,0.5361466910555455,2.922102366807607,1.6455728342685694,0.3129008504146031,MayberryNE_TuleB_D2,8.035182100506102,5.919980472537499,3.0186324659891337,5.051883620570342,0.0,0.0,5.367222511704597,5.759031000954079,5.168243798975309,3.6458304254346476,4.343388309979335,9.678702271188895,11.920464459646919
26,0.5354974088798199,2.7078255683322316,2.351405836876459,0.6014300976477371,MayberryNE_TuleC_D1,9.123836852690918,6.534286410810726,6.674019352938838,6.023832892148453,0.0,0.0,7.385248121756638,2.739780491773341,1.16405006253694,1.1617855972809181,5.0059962991395945,8.897960265805969,12.305766249406716
27,0.5354974088798199,2.8502172417983895,2.351405836876459,0.6014300976477371,MayberryNE_TuleC_D2,7.315119071023867,5.396289395183096,3.746610534162649,5.411325895349566,0.0,0.0,5.806834681681611,7.548056234543986,7.509612715415614,1.3618798119159699,5.359430895167219,8.750696137390117,11.358668076401575
28,0.4913616938342727,2.318272080211627,1.4405735685847447,0.30144792389993363,MayberryNE_CattailA_D1,5.548653848195946,3.495637917620582,3.389086808879737,3.5585972626053857,0.0,0.0,4.476330198530056,7.1903496558072755,7.1903496558072755,0.0,7.24025251406092,7.889696021398291,10.225347680078286
29,0.4913616938342727,1.737987326333431,1.4405735685847447,0.30144792389993363,MayberryNE_CattailA_D2,4.136271740867878,3.925918959636438,0.0,0.0,0.0,0.0,0.0,6.181883325674854,6.181883325674854,0.0,7.369857080164636,7.551745712962761,9.329937991329217
30,0.5185139398778874,2.3057811512549824,1.2561079967234925,0.2338189062203487,MayberryNE_CattailB_D1,6.057300206411702,4.665284456515103,3.91293732166616,2.5137531307535284,0.0,0.0,4.376709875303766,7.653124853952722,7.621217215918217,2.1384796928532137,7.078462283147689,8.163872822850454,10.835594384845598
31,0.5185139398778874,1.7275412570285564,1.2561079967234925,0.2338189062203487,MayberryNE_CattailB_D2,2.648214897509355,4.426951280188004,0.0,0.0,0.0,0.0,0.0,6.882763893685287,6.853732908245646,1.2332437233539708,7.101112782641871,7.460024737951809,8.938556152767136
32,0.5185139398778874,2.2412973871099933,0.8280806048986827,0.023255377835833445,MayberryNE_CattailC_D1,4.197374969946354,2.0398026626182713,4.0152435897271985,3.578780256172386,0.0,0.0,4.813454946824544,6.3156137800790715,6.3156137800790715,0.0,7.497055417478738,7.7510656538115414,9.50028432979494
33,0.5185139398778874,1.808885867359812,0.8280806048986827,0.023255377835833445,MayberryNE_CattailC_D2,3.743591535831281,5.840804055339249,0.0,3.561364775229922,0.0,0.0,3.561364775229922,7.736653317805701,7.71537574645362,1.6427385341536682,7.0528526929111175,7.981236998036632,8.877973945283745
34,0.15104412158567593,2.348888723071438,3.104550607215682,1.0784430904330427,MayberrySE_TuleA_D1,5.635466325720315,3.9138793195314268,4.515908676833839,4.942337841502043,0.0,1.343388309979339,5.811522715370358,6.677904380982803,6.642738534153669,1.3019095694214742,6.378043476338591,8.48710739790111,10.895507124010747
35,0.291910141928852,2.5436956323092446,1.233313258365496,0.20677042657425473,MayberrySE_CattailA_D1,6.211741618311057,5.891176095900644,3.3844878695309872,5.434285853614174,0.0,1.0862469814828781,5.802351379630836,5.8574402624755555,5.782335882627939,1.5563254585904458,6.702105068134127,8.847687473728117,10.900216431647733
36,0.291910141928852,1.6541765418779606,1.233313258365496,0.20677042657425473,MayberrySE_CattailA_D2,3.488370039817011,5.012556301003438,1.1427610394080683,4.151442154437996,0.0,0.0,4.320405163117133,7.788886184923928,7.772402534462005,1.3290654207870005,7.2797558196637375,7.818086841048215,9.253095434003162
37,0.1817156193671772,2.688241795977712,2.7787368613035075,0.7920283925199753,MayberrySE_CattailB_D1,4.889560135686152,4.9319824877474545,0.0,1.1423215050614377,0.0,0.0,1.1423215050614377,6.394999053796531,6.302142172487826,2.3912058938764424,7.452921612984566,7.374918250053037,9.809959342865106
38,0.505149978319906,1.787460474518415,2.706432463899019,1.0283402657582144,MayberryNW_TuleA_D1,6.644058181220174,6.848713584600281,0.0,0.0,0.0,1.3055565809985041,1.3055565809985041,6.300651371536368,6.200181648365173,2.406774368022798,5.96525672877763,8.446320398813253,10.652775788813774
39,0.505149978319906,1.4885507165004443,2.706432463899019,1.0283402657582144,MayberryNW_TuleA_D2,6.674908371983834,7.538985827754594,1.4113258953495644,0.0,0.0,0.0,1.4113258953495644,8.490347396742253,8.478812540291678,1.5179612985399262,7.966350653622816,9.436803000768386,10.876301454993508
40,0.5185139398778874,2.187238619831479,3.225542750477654,1.141165618631263,MayberryNW_TuleB_D1,7.305906956246267,7.030264984111089,3.8805253574927434,3.437119206162107,0.0,0.0,4.675790526694862,6.420634744502113,6.198560815934044,3.611367387884659,6.4323766761833445,9.807897976840897,11.36291844896262
41,0.5185139398778874,1.6232492903979006,3.225542750477654,1.141165618631263,MayberryNW_TuleB_D2,4.173787935028688,7.387447725606001,0.0,0.0,0.0,0.0,0.0,8.147399620365853,8.147399620365853,0.0,7.932458863434681,9.42182962020463,10.541969332935635
42,0.47712125471966244,2.0081741840064264,2.219964483666896,0.26870739809050403,MayberryNW_TuleC_D1,5.374700172145344,6.842507808645341,3.0987156314746853,2.086246981482878,0.0,0.0,3.6795338775284128,8.199757164058692,8.174958692799724,2.325004312660665,7.57603217091861,7.842394554513997,10.750242705646297
43,0.47712125471966244,1.6739419986340878,2.219964483666896,0.26870739809050403,MayberryNW_TuleC_D2,5.823033459414252,6.980223136146685,0.0,0.0,0.0,0.0,0.0,7.942912558766359,7.927352234677627,1.4003889357338135,8.097253898786196,9.303551785007153,10.56117369377413
44,0.568201724066995,2.257438566859814,2.8902959399099157,0.9904990645771564,MayberryNW_CattailA_D1,6.573466861883326,6.392060476215333,3.804638937748402,0.0,1.5963963242861954,0.0,4.087253987555187,5.67191352625075,5.611367387884659,1.0671587139923677,5.257427805898779,9.06067973258342,11.43030380674425
45,0.568201724066995,1.675778341674085,2.8902959399099157,0.9904990645771564,MayberryNW_CattailA_D2,5.3979704396234345,6.548003484469977,2.239436680342556,0.0,0.0,1.3804273509396172,2.8729432355506774,8.133328738617012,8.091881448019773,2.555502547247686,8.143868005256778,9.559294071973584,11.11912082102866
46,0.568201724066995,2.366236123718293,2.939415163619838,1.2838869336569936,MayberryNW_CattailB_D1,6.537477608641031,5.409592927583156,3.0192483543353297,0.0,0.0,0.0,3.0192483543353297,6.997604559824812,6.909966813381823,2.9129373216661563,6.0063315458639766,8.241749238935837,10.834938749594945
47,0.568201724066995,1.606381365110605,2.939415163619838,1.2838869336569936,MayberryNW_CattailB_D2,5.485978157424306,7.8041913889288015,3.1514421544379987,0.0,0.0,0.0,3.1514421544379987,8.181748649258477,8.181748649258477,0.0,7.849971256267819,9.584533747571928,10.53738855026966
48,0.505149978319906,2.140193678578631,3.1158275111785034,1.2112026309149444,MayberryNW_CattailC_D1,5.9652921991918,7.280815975283439,4.930349774815793,0.0,0.0,0.0,4.930349774815793,7.141960527946859,7.1115528333508236,0.0,7.138088776920785,10.136629737604451,11.673445344244367
49,0.505149978319906,1.5314789170422551,3.1158275111785034,1.2112026309149444,MayberryNW_CattailC_D2,3.821115846141566,6.2892651524486265,2.241898123360951,0.0,0.0,0.0,2.241898123360951,7.877430642135047,7.877430642135047,0.0,8.48466961326119,8.324023126120588,9.459129910048151
50,0.41525291872463466,2.0253058652647704,0.320509527887743,0.03842647269621889,Browns_TuleA_D1,0.0,1.126772658701761,3.482331306803901,0.0,0.0,1.2103692266141628,3.7538144831486475,7.066728931616007,6.9129373216661625,3.7607984863146613,7.04033255167051,6.479484215062639,6.197355119577384
51,0.41525291872463466,2.0253058652647704,0.320509527887743,0.03842647269621889,Browns_TuleA_D2,3.7467480980020786,0.0,5.577236259666921,6.212144095030611,0.0,0.0,6.929338557106323,5.905859050143912,5.637193979120627,2.9962883960707223,7.978551513241463,9.627876439758417,9.820708693339778
52,0.4592828693087476,2.1020905255118367,0.4550077187003094,0.4316611252622757,Browns_TuleB_D1,,,3.3712605645206164,2.2302688767838386,0.0,0.0,3.9107398003296594,7.192770187352654,6.875259185209346,4.728522264047696,7.022246631734563,6.435251534388006,7.457149638099013
53,0.4592828693087476,2.1293675957229854,0.4550077187003094,0.4316611252622757,Browns_TuleB_D2,,,2.3303608022684292,4.550352352381932,0.0,1.3933000523266474,4.958248435830918,6.756169938826478,6.724308962541831,0.0,8.045735750808804,8.065838546999048,8.084835462241164
54,0.43801887834591896,2.1389339402569236,0.25078597831831173,-0.014599654433868176,Browns_TuleC_D1,3.0908848815458225,4.583281298254155,3.9270478294397386,5.2046054086633164,0.0,1.875592452777516,5.801066763673072,6.747499193010948,6.0827265812020235,5.098715631474685,7.078949333164723,7.15984744392153,8.247668539839568
55,0.43801887834591896,2.1078880251827985,0.25078597831831173,-0.014599654433868176,Browns_TuleC_D2,3.723442193574373,4.749012563258099,2.9823383942932327,6.042716622362885,0.0,1.5122913980650368,6.260751918270501,4.848973810931233,4.733253990236927,0.0,7.285315247582752,10.455468952558203,9.82834102216011
56,0.6871128838888562,2.243286146083446,0.5984823105690268,1.055178512245737,Browns_ThreeSqA_D1,0.0,2.3803296984706424,4.507981130375882,4.17281369379183,0.0,0.0,5.350108879294096,6.7554754695005546,6.512793572992257,4.064207083342635,7.648944093219587,7.921717137197805,7.954625693481584
57,0.6871128838888562,2.2430380486862944,0.5984823105690268,1.055178512245737,Browns_ThreeSqA_D2,4.1553007841585545,3.2361533454204046,6.23696447515801,7.152483775923462,0.0,0.0,7.766159697518953,5.2193111205051625,5.023767906373222,2.239436680342556,8.012621199727981,10.463415076335112,9.571900219973287
58,0.638385482020926,2.16345955176999,0.3036332096872065,0.564503378431224,Browns_ThreeSqB_D1,1.6427385341536682,0.0,5.1461961540345165,2.21036922661416,0.0,1.3058918277228848,5.409833248106966,6.254250906822113,5.973184749390827,3.7562139485015376,7.412406713769177,7.713822575878494,8.257694767319673
59,0.638385482020926,2.1953460583484197,0.3036332096872065,0.564503378431224,Browns_ThreeSqB_D2,3.5563254585904533,3.7467480980020786,5.462740130291407,5.781926082485389,0.0,2.602043742824233,6.716909670946919,5.604170230659778,5.2302238806584045,3.4733702493253547,7.386572371775051,11.003618675751776,9.84592842911638
60,0.6173963234429286,2.1571544399062814,-0.017291515531103467,0.08236779756154648,Browns_ThreeSqC_D1,1.3290654207870005,2.946842312637126,3.18135882500735,4.584379769628393,0.0,0.0,5.04709856912095,6.738885021356714,6.614404165903111,3.1423215050614393,8.284117964071417,9.020771754154959,8.179514894665456
61,0.6173963234429286,2.151982395457474,-0.017291515531103467,0.08236779756154648,Browns_ThreeSqC_D2,1.3912058938764396,3.279989870348351,4.241151299135695,4.200654974384252,0.0,0.0,5.221045223136087,6.9947347147566195,6.73128977667223,4.4118231248032656,7.693595163685172,10.39359385430933,9.111224142730407
62,0.8040143618566347,2.8698768132667665,1.3884397354144742,0.17959412103769562,RushSE_TuleA_D1,1.3019095694214742,1.5059223808246665,5.501549995432513,4.197520547664874,0.0,0.0,5.992113420824373,3.833069687090837,1.4342858536141756,3.529732411050716,6.104245715185902,9.444521349668664,10.537097053022212
63,0.8040143618566347,2.8756399370041685,1.3884397354144742,0.17959412103769562,RushSE_TuleA_D2,2.9917368687439536,1.1384796928532104,3.7374523237239323,3.8342194929524043,0.0,0.0,4.786647075112809,3.102015116423982,0.0,3.102015116423982,6.12510212893463,11.32465020210694,10.948499777124148
64,0.8111241361627164,2.8090881313463463,2.1657839654037625,0.6684888411387396,RushSE_TuleB_D1,,,3.8386611818265326,2.3505372102902595,0.0,0.0,4.278524487106482,4.4833913709684365,3.1423215050614393,3.7590473010494776,6.042112138820166,9.643813299478632,10.585366457182156
65,0.8111241361627164,2.863382348440788,2.1657839654037625,0.6684888411387396,RushSE_TuleB_D2,3.9332954827720235,0.0,4.679190483530381,4.070619023226137,0.0,0.0,5.4067588046425685,4.756492191820258,2.826860624082108,4.3172145836491715,6.108294435065152,11.928774441769336,11.777859004793356
66,0.8561520661865546,2.709863317440399,1.4331677387790782,0.789673597890825,RushSE_TuleC_D1,1.4336699652679759,0.0,4.733854713224008,4.627819922610247,0.0,0.0,5.681811263099263,4.929390114333439,3.2078043161633567,4.408175076370241,6.688937580691591,9.915480455117775,9.736448306625146
67,0.8561520661865546,2.7564078725489582,1.4331677387790782,0.789673597890825,RushSE_TuleC_D2,2.325004312660665,0.0,5.142252295913798,2.602043742824233,0.0,0.0,5.37112376683952,5.163487562943291,4.324407537760428,3.982338394293231,6.723224316345901,11.840268937784352,11.409972016438148
68,0.8121392711653309,2.795671505946022,0.7667515545280522,0.30782710765825017,RushSE_CattailNLA_D1,,,4.806700606099253,2.4656634349492914,0.0,0.0,5.066567691099165,4.18820994006013,3.437119206162107,2.887213586104204,6.283248440942956,10.095550759807708,11.489642369350873
69,0.8121392711653309,2.800717078282385,0.7667515545280522,0.30782710765825017,RushSE_CattailNLA_D2,2.0671587139923675,0.0,4.830624767703343,0.0,0.0,0.0,4.830624767703343,3.3303608022684292,2.31721458364917,2.343388309979339,6.125217094077979,11.472813419524067,11.502327025051644
70,0.8742873099520972,2.9252605095194353,0.5824498726921588,0.3814443717265095,RushSE_CattailNLB_D1,,,4.6144294805544,2.3398928335294205,0.0,0.0,4.885471361070173,4.910028329690783,0.0,4.7649881996357975,6.081844931920253,9.748884658133045,11.406638587714763
71,0.8742873099520972,2.879783780090416,0.5824498726921588,0.3814443717265095,RushSE_CattailNLB_D2,1.327974820945,1.4067743680227955,5.4218404359811085,2.4086959049105134,0.0,0.0,5.590310834144594,4.929887901688791,2.9823383942932327,4.4969344189171565,5.769577542986267,11.332639128714863,11.193950921036858
72,0.8695986218311915,2.763128376799137,0.3137001609033128,0.02519555315881444,RushSE_CattailNLC_D1,,,3.2624516747410315,0.0,0.0,0.0,3.2624516747410315,5.255305933503265,2.3022510853830465,5.055827942923494,5.900655521669979,9.650827459925624,10.885806873820766
73,0.8695986218311915,2.571592383361307,0.3137001609033128,0.02519555315881444,RushSE_CattailNLC_D2,3.260549341094133,2.611367387884659,6.158746238586681,4.79780823736522,0.0,0.0,6.633134594944902,4.267582290768321,2.9283508107004934,3.542038055547315,5.741990333064687,11.353468556840062,10.684618075749922
74,0.9114322313781448,2.799064719351008,1.482979143196091,0.710518297250365,RushMan_CattailNLA_D2,7.779804075133539,7.106095307239472,4.100175051755404,4.435093143389997,0.0,0.0,5.277331152906841,0.0,0.0,0.0,2.0273220486952748,12.759895781051664,12.68916479287716
75,0.8882483812680937,2.637689819118401,1.4087788771321763,0.41355169983982504,RushMan_CattailNLB_D2,9.038783233614426,6.997429654632166,2.5122913980650394,2.7409947313589385,0.0,0.0,3.6311702288397223,0.0,0.0,0.0,2.8968376573016568,11.62235065470453,11.62760471655547
76,0.9238238181264292,2.9225178602446116,0.9022597364363939,0.17646128472850578,RushMan_CattailNLC_D1,4.870757513986864,4.207743857791416,5.0601663986082945,2.774474975303448,0.0,0.0,5.329303809229556,2.2302688767838386,0.0,2.2302688767838386,3.8642672684749666,9.654448512218542,10.894671045878505
77,0.9238238181264292,2.7988577317474856,0.9022597364363939,0.17646128472850578,RushMan_CattailNLC_D2,7.806524776048969,6.352560932854615,5.391736049741992,2.4734623886199523,0.0,0.0,5.5709737634645125,0.0,0.0,0.0,2.5418448128932707,11.78115805924109,12.236420576379102
78,1.029073725675244,2.6189889203649335,0.5037640765998345,0.5234174201627924,RushMan_ThreeSqA_D1,2.3233281882321304,0.0,3.627819922610247,2.8274442130480235,0.0,0.0,4.282438422796131,6.758283949656015,5.9161908542488115,5.509459990191735,6.270784734276333,9.417556419958164,10.118711820513054
79,1.029073725675244,2.772101569277012,0.5037640765998345,0.5234174201627924,RushMan_ThreeSqA_D2,3.5137531307535332,2.9129373216661563,4.156527949816301,2.1386448583314674,0.0,1.2969595616438017,4.6261009539078914,6.655630773362529,6.315237587994716,4.405286701747591,7.7152346576612425,10.791172851351396,10.203697788355448
80,1.0607239263179293,2.8176975547630243,0.6267525610091944,0.8487886515441552,RushMan_ThreeSqB_D1,2.7277235401292224,2.829839057063024,4.050625935670444,3.023590413848201,0.0,0.0,4.626632770776921,4.87310752697035,4.037623798841439,3.6873868666215928,5.604284935291996,9.468837997850725,10.434482828276636
81,1.0607239263179293,2.9734049744100606,0.6267525610091944,0.8487886515441552,RushMan_ThreeSqB_D2,4.064207083342635,3.260549341094133,5.7958583393031216,5.201742067355499,0.0,0.0,6.529169391603712,6.0744720183754985,5.70235544582698,3.937470884952606,7.151306018643956,10.717049748378784,10.486263754173113
82,1.0676860026546837,2.847140617413406,0.517718884677542,0.7327198190088359,RushMan_ThreeSqC_D2,3.8243991810637112,3.636846121291493,4.3398928335294205,4.519283214464748,0.0,0.0,5.4323744928487425,5.681980034614336,4.817582285554066,4.532297321501526,6.865492319286094,10.452302162346426,10.44166887607497
83,1.0366512745230736,2.7895102040902544,0.7042065435652511,0.8637000224709704,RushOxbow_ThreeSqA_D1,,,1.1560322306377824,5.601540172877616,0.0,0.0,5.666278690038507,6.729084852848275,5.990249202468749,5.409957305098432,6.151176897346566,9.321260053981748,9.80134465640869
84,1.0366512745230736,2.7224693858840308,0.7042065435652511,0.8637000224709704,RushOxbow_ThreeSqA_D2,0.0,1.4113258953495644,1.9998788187061087,4.916581256736306,0.0,0.0,5.096002625514621,5.662316348329978,5.272349367342746,3.5843797696283874,6.624920934565546,10.87635027846854,10.12515293202869
85,1.027233840837343,2.709524355876341,0.6505920557232656,0.6549253150611364,RushOxbow_ThreeSqB_D1,1.1423215050614377,0.0,0.0,2.7390606253994325,0.0,0.0,2.7390606253994325,6.331793754556729,5.830555681036099,4.56322505376896,6.025454633187348,8.814790025164877,9.589081586775652
86,1.027233840837343,2.646599751720373,0.6505920557232656,0.6549253150611364,RushOxbow_ThreeSqB_D2,0.0,1.3233281882321304,3.341999440973162,4.479484215062641,0.0,1.0273220486952748,5.10794958097273,6.801372094469863,5.910808944755253,5.68294737483512,7.563404842495893,8.813983182662493,9.355577390884708
87,1.056867278667028,2.705007959333336,-0.011434036946692188,0.1584123658415186,RushOxbow_ThreeSqC_D1,1.2078043161633596,0.0,0.0,2.2969595616437988,0.0,1.3118751565805025,2.8869110811867316,6.110127897282208,5.229385059456612,4.834219492952399,6.149417304659094,8.117851867832565,9.759833067721381
88,1.056867278667028,2.654465333520146,-0.011434036946692188,0.1584123658415186,RushOxbow_ThreeSqC_D2,,,2.3194404865206693,3.8502890336668534,0.0,0.0,4.2790464977332086,6.927944057647049,6.510379188184617,4.935499711011414,7.432120085397029,9.751706709295796,9.994595606384445
89,1.1826980988572566,2.804480189105993,1.059003210263677,1.3501643913399282,Joice_CattailNLA_D1,,,3.410178044923581,5.925908285854572,1.3496729102859257,0.0,6.208975662021457,5.2142162860112675,4.978262553047804,2.4856565225049843,5.047254932806676,9.51956277187042,9.697750603974658
90,1.1826980988572566,2.896801697664922,1.059003210263677,1.3501643913399282,Joice_CattailNLA_D2,3.9021770843703205,0.0,6.238310551197664,2.3269574297567845,0.0,0.0,6.331141451757291,1.3058918277228848,0.0,1.3058918277228848,5.154210501734437,12.010179645090126,11.493306883984589
91,1.1347115462536046,2.686546899063006,1.2912014120878492,1.2162752473022589,Joice_CattailNLB_D1,1.0862469814828781,1.4342858536141756,2.1386448583314674,6.567943681816614,0.0,0.0,6.633397311350116,5.013212918860766,4.097253898786194,3.9239718377116,5.10566570539492,8.846365963244876,9.804191388928803
92,1.1347115462536046,2.7634279935629373,1.2912014120878492,1.2162752473022589,Joice_CattailNLB_D2,2.9823383942932327,1.1514421544379987,4.771697552857457,4.620547602477241,0.0,0.0,5.698101154702437,4.157892132347862,4.157892132347862,0.0,5.273019405582518,11.613691339492824,11.268104923533881
93,1.1573288430726631,2.8169700377572995,1.5566725133982662,1.0598078928415533,Joice_CattailNLC_D1,1.3022510853830493,0.0,3.523670162242868,4.157027832343531,0.0,1.3964185164804876,4.9987884764319706,6.180471780530777,5.29301144456259,5.058404858559088,6.4163796600606124,9.205325361681037,9.846213277000185
94,1.1573288430726631,2.8335932939984563,1.5566725133982662,1.0598078928415533,Joice_CattailNLC_D2,2.9283508107004934,0.0,5.595154005057442,3.834676970752883,0.0,0.0,5.968273820409204,6.070847179551002,5.765323446360182,3.3398928335294205,6.566313853899558,11.079136325141326,10.033663254310275
95,1.1407474844559278,2.795671505946022,1.7711220076337315,0.576615467423269,Joice_ThreeSqA_D1,1.3055565809985041,1.2078043161633596,3.1865026735987736,5.559802670024086,0.0,0.0,5.814401121672981,5.923971837711595,5.923971837711595,0.0,6.15071523803854,10.773228800678924,10.48434684626552
96,1.1407474844559278,2.8330195470765314,1.7711220076337315,0.576615467423269,Joice_ThreeSqA_D2,3.918324419173558,2.4371192061621096,2.7390606253994325,4.711769814335582,0.0,0.0,5.039197527569089,5.721755058605954,5.473442357837934,3.060842643199015,5.965983957167723,11.197603039818599,10.93804148284589
97,1.095646026010779,2.7557986569738304,0.18551049241431247,0.8159261735366182,Joice_ThreeSqB_D1,1.5238734314700497,1.0862469814828781,0.0,3.0147949395201503,0.0,0.0,3.0147949395201503,5.252416618051216,4.86812752354781,3.1560322306377824,5.880687462595766,10.769115911030529,10.679749900820989
98,1.0880877378657474,2.8101652845431495,0.4475018604646582,0.8023146508967878,Joice_ThreeSqC_D1,4.042219093588297,2.9823383942932327,4.299697693927103,5.341250529458199,0.0,0.0,5.912494635773761,4.999878818706107,4.999878818706107,0.0,5.6969150577437535,11.482117689257928,11.671500397792506
99,1.0880877378657474,2.817763632280368,0.4475018604646582,0.8023146508967878,Joice_ThreeSqC_D2,5.753830832840851,5.002690803524142,4.171020783691103,5.3964185164804865,0.0,0.0,5.910090753037283,4.797325010630213,4.475880142477856,2.4734623886199523,6.1918596742447,11.16018559929145,11.378260402722956
100,1.2041199826559248,2.9489506102455483,0.08115973527309142,0.5096860904131562,Goodyear_PhragA_D2,2.9653898516607735,3.9283508107004934,1.3269574297567874,0.0,0.0,0.0,1.3269574297567874,4.5848435802275045,4.435093143389997,1.2424817123268652,5.02256980447391,11.655669500329347,10.694589737354496
101,1.276461804173244,2.8765642139838454,0.469149892121204,0.6856624848064533,Goodyear_PhragC_D2,0.0,1.3055565809985041,0.0,0.0,0.0,0.0,0.0,3.96338715269539,3.96338715269539,0.0,5.134339990621134,11.372099369612917,10.746748098002076
102,1.3005054869232535,3.2022975561387996,0.5330948905212147,0.2832429261847554,White_CordA_D2,0.0,0.0,0.8131926804196369,0.0,0.0,0.0,0.8131926804196369,1.438627913127043,0.0,1.438627913127043,4.447925961118692,12.072447511450914,10.783944578088779
103,1.3394499126269264,3.1102866084035656,0.07800750019505262,-0.11595104452498928,White_CordB_D2,1.3654587717342248,0.0,2.3496729102859284,0.0,0.0,0.0,2.3496729102859284,1.2017420673554995,0.0,1.2017420673554995,3.588825434307532,11.484936974181183,9.97487006314754
104,1.3324384599156054,3.033463966077405,-0.040951733472082856,-0.14842152543752307,White_ThreeSqA_D1,1.1301159628950084,0.0,3.7936908523386297,1.205852837877807,0.0,2.3568604882706095,4.412599243147166,7.113785025553957,6.70191333096416,5.104245715185902,5.374700172145344,10.769443006996857,10.060511232502302
105,1.3324384599156054,3.0561804233421404,-0.040951733472082856,-0.14842152543752307,White_ThreeSqA_D2,3.2103692266141612,4.108835932191204,5.0217389224053495,2.6899856860217963,0.0,0.0,5.2831404442840215,5.880468309369606,5.723607359052623,2.6015401728776175,5.547399016800825,12.16273067128823,10.58142318870194
106,1.3093203913822287,2.99312748510571,0.7252053825571665,0.044502813608790104,White_ThreeSqB_D1,,,0.0,0.0,0.0,0.0,0.0,7.671657465184872,7.392824223513922,5.042112138820168,5.766111939825723,11.160372664589051,10.44513201789997
107,1.3093203913822287,3.0319333402756055,0.7252053825571665,0.044502813608790104,White_ThreeSqB_D2,,,3.863772907780633,1.140364337198157,0.0,1.1586290351101225,4.247559052640513,5.35595993075308,4.786704568076654,3.7390606253994325,5.1178625204307,11.74214507542287,10.459081532335658
108,1.3229471481145805,3.0030725959676747,0.012926994215659593,0.00042234008932316323,White_ThreeSqC_D1,1.3933000523266474,0.0,3.0883364612069975,0.0,0.0,0.0,3.0883364612069975,7.1154994785143675,6.72091707563439,4.938915833699938,5.975598721032914,11.205791415157657,10.634260380229362
109,1.3229471481145805,2.9703003754021777,0.012926994215659593,0.00042234008932316323,White_ThreeSqC_D2,1.875592452777516,2.117142567412978,5.230064928577158,0.0,0.0,0.0,5.230064928577158,6.337043434696966,5.993857595656377,3.8819220623649517,5.485978157424306,11.575446486155029,10.695876810989237
110,1.4039347866554461,3.024033897900905,0.019469385792703516,0.26725707461067494,Tolay_CordA_D2,0.0,0.0,3.756288028737043,0.0,0.0,0.0,3.756288028737043,6.4254058727953725,6.101005827873734,4.113323439500648,5.628257211914229,11.707785857419946,9.427097503747525
111,1.4643374214467908,2.964542466079137,0.2088877909839268,0.34463347064275074,Tolay_CordB_D2,1.3505372102902569,1.3654587717342248,1.3964185164804876,1.3289168188102727,0.0,0.0,2.3630624204775748,6.831853936009591,6.283381141623242,5.171020783691103,5.936593063561498,11.997229788526118,9.883058990206116
112,1.4472323220713406,2.947776708464738,0.002884877745440487,0.21936631753295957,Tolay_CordC_D2,3.0706190232261408,0.0,0.0,0.0,0.0,1.3221300863328174,1.3221300863328174,5.532481995934972,5.179923933203733,3.3269574297567903,5.024342048688371,11.850467492874039,9.773584783813519
113,1.397467949973635,3.1652146399103294,0.43217128291515544,-0.3154708947360839,China_Bullhead_CordA_D2,1.4350931433899985,3.627819922610247,1.1056657053949173,0.0,0.0,0.0,1.1056657053949173,4.415604527573245,1.3118751565805025,4.2371873608566,2.556325458590448,11.935724168815339,10.5325459651942
114,1.3071698743394198,3.138713109876012,0.4467846976508184,-0.16139906866924028,China_Bullhead_CordB_D2,1.1560322306377824,4.187006243545392,1.0250918921389358,0.0,0.0,0.0,1.0250918921389358,2.9694663299184016,1.2793047677538085,2.4343599338496835,1.3290654207870005,11.987810242146418,10.308271637630378
115,1.2570693061863953,3.1470576710283598,0.4928969732702997,-0.31561612393876043,China_Bullhead_CordC_D2,1.1895124745822896,3.050625935670448,2.8593199199149897,0.0,0.0,0.0,2.8593199199149897,5.596384990850126,5.242284531034361,3.396418516480493,1.3912058938764396,12.171465759896423,10.355946363886687
116,1.4875463984913682,3.280510079703276,-0.028936864733213476,-0.031241610716428465,China_Galinas_CordA_D2,,,0.0,0.0,0.0,0.0,0.0,2.8651398260478778,2.2969595616437988,1.2460155869292537,4.16178559728092,11.683655513553553,11.01040071300899
117,1.4887530659511825,3.2080111488928353,0.623097402951987,-0.2832345022938543,China_Galinas_CordB_D2,1.602043742824233,0.0,1.4956379176205796,0.0,0.0,0.0,1.4956379176205796,1.813192680419637,0.0,1.813192680419637,4.8213114305532665,12.439993453687574,11.282832889276017
118,1.4645540818691312,3.205420915676343,0.5533745751019493,0.01303958913786486,China_Galinas_CordC_D2,1.4656634349492914,0.0,1.1185640375788293,0.0,0.0,0.0,1.1185640375788293,2.3496729102859284,0.0,2.3496729102859284,4.6585014936020785,12.074886828624622,11.559734619469335
119,1.7888945333890869,3.3745833927327253,0.17609865502773153,0.3538106012720322,China_Galinas_PWA_D1,,,,,,,,,,,4.090884881545826,10.462393142856204,9.821687250613113
120,1.7888945333890869,3.4529664801872295,0.17609865502773153,0.3538106012720322,China_Galinas_PWA_D2,,,0.0,0.0,0.0,0.0,0.0,2.2460155869292535,2.2460155869292535,0.0,5.308404694295525,10.843674659229045,8.94705613211704
121,1.6822674943175655,3.44057851483637,1.3192444965727252,0.1865100092414664,China_Galinas_PWB_D1,,,0.0,0.0,0.0,1.1811494391045634,1.1811494391045634,0.0,0.0,0.0,2.818206224075127,11.19032039271978,10.188291495125245
122,1.6822674943175655,3.450803173223646,1.3192444965727252,0.1865100092414664,China_Galinas_PWB_D2,,,0.0,0.0,0.0,0.0,0.0,3.9425322869923454,3.6716010051732884,0.0,4.807377480738247,11.332011703650759,9.384571327757236
123,1.6823595804860354,3.4644150224261687,0.23243921069484957,0.4925114147087239,China_Galinas_PWC_D1,,,0.0,0.0,0.0,0.0,0.0,0.0,0.0,0.0,,11.29028835989542,10.988044447635945
124,1.6823595804860354,3.4476385914004974,0.23243921069484957,0.4925114147087239,China_Galinas_PWC_D2,,,0.0,0.0,0.0,0.0,0.0,2.581008485584025,1.8784673114975736,0.0,4.623837664308836,11.129072060383749,9.017667905232427
125,1.616251868911411,3.1769300844505057,0.3775285534847414,0.6520535457508037,Muzzi_CordA_D2,1.2424817123268652,0.0,0.0,0.0,0.0,0.0,0.0,6.421519508361841,6.014794939520149,4.396289395183096,5.72870246291016,11.82095393989434,9.7056569321222
126,1.6244542229651566,3.2498829018636948,0.14951515775329174,0.5031812326363951,Muzzi_CordB_D2,,,1.304597634964992,0.0,0.0,0.0,1.304597634964992,6.524554947071263,6.134799651990774,4.302992839678181,6.04152325459694,11.234196425731671,9.269306890477138
127,1.6198182170821673,3.237845226861614,0.5584284740205496,0.8494349436933339,Muzzi_CordC_D2,,,0.0,1.3105075983730918,0.0,0.0,1.3105075983730918,7.345633020991402,7.203773438538093,3.703526538299985,6.003684810663417,11.406599280789711,9.558597262605382
128,1.619823500457278,3.2397498104463636,-0.0055606332920939555,0.3476641110265714,Muzzi_PWA_D1,,,0.0,0.0,0.0,0.0,0.0,4.915639649719207,4.580090100423853,1.205852837877807,4.433669965267976,9.73928256742576,9.442269260955637
129,1.619823500457278,3.2418452043147825,-0.0055606332920939555,0.3476641110265714,Muzzi_PWA_D2,0.0,0.0,0.0,0.0,0.0,0.0,0.0,4.5064409755522385,4.203644317240698,1.1050231853006423,5.784435931297962,11.045310650921527,8.897457423227582
130,1.529173603261723,3.3408801734136455,0.07541327410070914,0.2756681388004999,Muzzi_PWB_D1,1.6015401728776175,0.0,1.304597634964992,0.0,0.0,0.0,1.304597634964992,2.4956379176205794,2.4956379176205794,0.0,,9.58189470610353,9.910945364184991
131,1.529173603261723,3.2728854447575695,0.07541327410070914,0.2756681388004999,Muzzi_PWB_D2,,,0.0,0.0,0.0,0.0,0.0,3.707182874871076,3.4404921324661983,1.140364337198157,5.154621555242706,10.74594785004763,8.826707769615977
132,1.6023855901051052,3.4064209459746206,0.34445824291913574,0.5611493501380375,Muzzi_PWC_D1,,,0.0,1.3239023305472792,0.0,0.0,1.3239023305472792,5.179947661415225,5.01320775993541,1.9842855002921271,4.555502547247685,10.244713138968004,9.199438612410637
133,1.6023855901051052,3.3099493842590157,0.34445824291913574,0.5611493501380375,Muzzi_PWC_D2,0.0,0.0,1.674908371983838,0.0,0.0,0.0,1.674908371983838,5.274983889811848,5.192486026550981,1.1056657053949173,5.851536777002013,10.894304843346573,8.949985691898215
